{
  "sheetsById": {
    "Main": {
      "staticOverrides": {
        "byObject": {
          "security-camera": {
            "position": {
              "x": -0.9700000000000017
            }
          },
          "SecurityCamera": {
            "position": {
              "x": 0
            },
            "scale": {
              "x": 0.1,
              "y": 0.1,
              "z": 0.1
            }
          },
          "SecurityCameraGroup": {
            "position": {
              "x": 6.349087922075114e-16,
              "y": 2.5326962749261384e-16,
              "z": 1.7600000000000013
            }
          },
          "SecurityCameraSight": {
            "rotation": {
              "y": -1.1000000000000005,
              "z": 1.600000000000001,
              "x": 0.4800000000000001
            },
            "position": {
              "x": 0.25,
              "y": -0.23999999999999994,
              "z": 0.5400000000000003
            }
          },
          "PersonGroup": {
            "position": {
              "x": -2.689999999999997,
              "y": -0.09999999999999987,
              "z": 2.2099999999999973
            }
          },
          "PersonSight": {
            "position": {
              "x": -5.898059818321144e-17,
              "y": 0.06000000000000003,
              "z": 0.6900000000000004
            },
            "rotation": {
              "x": -1.460000000000001
            }
          },
          "SecurityCameraGroup-1": {
            "position": {
              "x": -1.3700000000000006,
              "z": 1.540000000000001
            }
          },
          "PersonGroup-1": {
            "position": {
              "y": -0.29000000000000004,
              "x": 1.9800000000000013,
              "z": 3.489999999999997
            }
          },
          "Garden": {
            "position": {
              "x": 3.5735303605122226e-16
            }
          },
          "Level-1 / SecurityCameraGroup-1": {
            "position": {
              "x": 2.8200000000000047,
              "y": 2.569999999999996,
              "z": 0.3399999999999997
            },
            "rotation": {
              "y": 4.310000000000001
            }
          },
          "SecurityCameraSight-1": {
            "position": {
              "x": 0.31999999999999984,
              "y": -0.17000000000000004,
              "z": 0.81
            }
          },
          "Level-1 / SecurityCameraGroup-2": {
            "position": {
              "y": 2.6800000000000006,
              "x": -0.3300000000000004,
              "z": 1.4500000000000066
            },
            "rotation": {
              "y": 2.500000000000001
            }
          },
          "Level-1 / SecurityCameraGroup-3": {
            "position": {
              "y": 2.3600000000000003,
              "x": -1.2200000000000006,
              "z": -1.5500000000000005
            },
            "rotation": {
              "y": 1.0100000000000002
            }
          },
          "Level-1 / SecurityCameraGroup-4": {
            "position": {
              "y": 2.470000000000003,
              "x": -1.190000000000012,
              "z": -3.139999999999999
            },
            "rotation": {
              "y": -5.819999999999994
            }
          },
          "Level-1 / SecurityCameraGroup-5": {
            "position": {
              "y": 1.8599999999999914,
              "x": -0.7200000000000003,
              "z": -4.829999999999993
            },
            "rotation": {
              "y": -6.019999999999994
            }
          },
          "Level-1 / SecurityCameraGroup-6": {
            "position": {
              "y": 2.589999999999996,
              "x": 2.819999999999998,
              "z": -3.9899999999999984
            },
            "rotation": {
              "y": -1.4899999999999938
            }
          },
          "Level-1 / SecurityCameraGroup-7": {
            "position": {
              "y": 2.500000000000001,
              "x": 2.7999999999999963,
              "z": -1.4599999999999915
            },
            "rotation": {
              "y": -1.6600000000000004
            }
          },
          "Level-1 / SecurityCameraGroup-8": {
            "position": {
              "y": 2.429999999999997,
              "x": 2.8099999999999987,
              "z": -2.7899999999999907
            },
            "rotation": {
              "y": -1.1200000000000006
            }
          },
          "Level-2 / SecurityCameraGroup-1": {
            "position": {
              "x": 2.7900000000000054,
              "y": 5.709999999999974,
              "z": -0.1700000000000004
            },
            "rotation": {
              "y": 3.7600000000000176
            }
          },
          "Level-2 / SecurityCameraGroup-2": {
            "position": {
              "y": 5.609999999999988,
              "z": 1.4500000000000066,
              "x": -0.06000000000000035
            },
            "rotation": {
              "y": 2.500000000000001
            }
          },
          "Level-2 / SecurityCameraGroup-3": {
            "position": {
              "y": 5.709999999999985,
              "z": -1.5500000000000005,
              "x": -1.2200000000000006
            },
            "rotation": {
              "y": 1.0100000000000002
            }
          },
          "Level-2 / SecurityCameraGroup-4": {
            "position": {
              "y": 5.559999999999986,
              "x": -1.190000000000012,
              "z": -3.139999999999999
            },
            "rotation": {
              "y": -6.249999999999983
            }
          },
          "Level-2 / SecurityCameraGroup-5": {
            "position": {
              "y": 5.469999999999996,
              "z": -4.829999999999993,
              "x": -0.7200000000000003
            },
            "rotation": {
              "y": -6.019999999999994,
              "x": 2.42861286636753e-17
            }
          },
          "Level-2 / SecurityCameraGroup-6": {
            "rotation": {
              "y": -1.2999999999999936
            },
            "position": {
              "y": 5.379999999999987,
              "z": -3.7399999999999984,
              "x": 2.3900000000000023
            }
          },
          "Level-2 / SecurityCameraGroup-7": {
            "position": {
              "y": 5.409999999999965,
              "z": -1.4599999999999915,
              "x": 2.849999999999995
            },
            "rotation": {
              "y": -1.6600000000000004
            }
          },
          "Persons / PersonGroup-1": {
            "position": {
              "y": 0.9100000000000006,
              "x": 0.8499999999999995,
              "z": -2.1499999999999977
            },
            "rotation": {
              "y": 4.719999999999981
            }
          },
          "Persons / PersonGroup-2": {
            "position": {
              "y": 0.7600000000000005,
              "x": -0.6800000000000054,
              "z": -1.2400000000000013
            },
            "rotation": {
              "y": -3.149999999999989
            }
          },
          "Persons / PersonGroup-3": {
            "position": {
              "y": 0.8500000000000008,
              "x": 0.3199999999999996,
              "z": -1.3700000000000008
            },
            "rotation": {
              "y": 3.1100000000000017,
              "x": 0
            }
          },
          "Persons / PersonGroup-4": {
            "position": {
              "y": 0.9699999999999958,
              "z": -3.079999999999999,
              "x": -0.1900000000000013
            },
            "rotation": {
              "y": -0.03999999999999973,
              "x": -0.06000000000000008
            }
          },
          "Persons / PersonGroup-5": {
            "rotation": {
              "y": -0.08999999999999864
            },