{
  "sheetsById": {
    "Main": {
      "staticOverrides": {
        "byObject": {
          "security-camera": {
            "position": {
              "x": -0.9700000000000017
            }
          },
          "SecurityCamera": {
            "position": {
              "x": 0
            },
            "scale": {
              "x": 0.1,
              "y": 0.1,
              "z": 0.1
            }
          },
          "SecurityCameraGroup": {
            "position": {
              "x": 6.349087922075114e-16,
              "y": 2.5326962749261384e-16,
              "z": 1.7600000000000013
            }
          },
          "SecurityCameraSight": {
            "rotation": {
              "y": -1.1000000000000005,
              "z": 1.600000000000001,
              "x": 0.4800000000000001
            },
            "position": {
              "x": 0.25,
              "y": -0.23999999999999994,
              "z": 0.5400000000000003
            }
          },
          "PersonGroup": {
            "position": {
              "x": -2.689999999999997,
              "y": -0.09999999999999987,
              "z": 2.2099999999999973
            }
          },
          "PersonSight": {
            "position": {
              "x": -5.898059818321144e-17,
              "y": 0.06000000000000003,
              "z": 0.6900000000000004
            },
            "rotation": {
              "x": -1.460000000000001
            }
          },
          "SecurityCameraGroup-1": {
            "position": {
              "x": -1.3700000000000006,
              "z": 1.540000000000001
            }
          },
          "PersonGroup-1": {
            "position": {
              "y": -0.29000000000000004,
              "x": 1.9800000000000013,
              "z": 3.489999999999997
            }
          },
          "Garden": {
            "position": {
              "x": 3.5735303605122226e-16
            }
          },
          "Level-1 / SecurityCameraGroup-1": {
            "position": {
              "x": -0.8799999999999989,
              "y": 2.439999999999998,
              "z": -0.28
            },
            "rotation": {
              "y": 1.4500000000000006
            }
          },
          "SecurityCameraSight-1": {
            "position": {
              "x": 0.31999999999999984,
              "y": -0.17000000000000004,
              "z": 0.81
            }
          },
          "Level-1 / SecurityCameraGroup-2": {
            "position": {
              "y": 2.6800000000000006,
              "x": -0.99,
              "z": -2.6699999999999955
            },
            "rotation": {
              "y": 0.9300000000000003
            }
          },
          "Level-1 / SecurityCameraGroup-3": {
            "position": {
              "y": 2.6599999999999984,
              "x": -0.8900000000000005,
              "z": 1.1400000000000003
            },
            "rotation": {
              "y": 1.4500000000000006
            }
          },
          "Level-1 / SecurityCameraGroup-4": {
            "position": {
              "y": 2.290000000000004,
              "x": 2.7499999999999885
            },
            "rotation": {
              "y": -2.579999999999992
            }
          },
          "Level-1 / SecurityCameraGroup-5": {
            "position": {
              "y": 2.7099999999999853,
              "x": 1.0100000000000005,
              "z": 1.3200000000000003
            },
            "rotation": {
              "y": -3.669999999999995
            }
          },
          "Level-1 / SecurityCameraGroup-6": {
            "position": {
              "y": 2.5099999999999962,
              "x": 2.4200000000000013,
              "z": 1.2600000000000005
            },
            "rotation": {
              "y": -3.0899999999999928
            }
          },
          "Level-1 / SecurityCameraGroup-7": {
            "position": {
              "y": 2.630000000000002,
              "x": 2.689999999999993,
              "z": -2.7599999999999927
            },
            "rotation": {
              "y": -0.9499999999999997
            }
          },
          "Level-1 / SecurityCameraGroup-8": {
            "position": {
              "y": 2.7799999999999963,
              "x": 0.8600000000000002,
              "z": -2.7899999999999907
            }
          },
          "Level-2 / SecurityCameraGroup-1": {
            "position": {
              "x": -0.4900000000000001,
              "y": 5.709999999999974
            },
            "rotation": {
              "y": 1.700000000000001
            }
          },
          "Level-2 / SecurityCameraGroup-2": {
            "position": {
              "y": 5.609999999999988,
              "z": 1.4000000000000008
            },
            "rotation": {
              "y": 2.919999999999993
            }
          },
          "Level-2 / SecurityCameraGroup-3": {
            "position": {
              "y": 5.709999999999985,
              "z": 1.3800000000000008,
              "x": 0.8599999999999999
            },
            "rotation": {
              "y": 3.10999999999999
            }
          },
          "Level-2 / SecurityCameraGroup-4": {
            "position": {
              "y": 5.439999999999989,
              "x": 1.8100000000000012,
              "z": 1.4600000000000002
            },
            "rotation": {
              "y": 3.0499999999999927
            }
          },
          "Level-2 / SecurityCameraGroup-5": {
            "position": {
              "y": 5.469999999999996,
              "z": -0.22999999999999982,
              "x": 2.25
            },
            "rotation": {
              "y": 4.259999999999988,
              "x": 2.42861286636753e-17
            }
          },
          "Level-2 / SecurityCameraGroup-6": {
            "rotation": {
              "y": 0
            },
            "position": {
              "y": 5.679999999999983,
              "z": -2.58999999999999
            }
          },
          "Level-2 / SecurityCameraGroup-7": {
            "position": {
              "y": 5.409999999999965,
              "z": -2.709999999999993,
              "x": 1.5500000000000007
            },
            "rotation": {
              "y": -0.7500000000000003
            }
          },
          "Persons / PersonGroup-1": {
            "position": {
              "y": 0.9100000000000006,
              "x": -0.7800000000000005
            },
            "rotation": {
              "y": 1.9899999999999993
            }
          },
          "Persons / PersonGroup-2": {
            "position": {
              "y": 0.7600000000000005,
              "x": 2.289999999999996
            },
            "rotation": {
              "y": -1.6300000000000014
            }
          },
          "Persons / PersonGroup-3": {
            "position": {
              "y": 0.6700000000000004,
              "x": -0.8600000000000004,
              "z": 1.0500000000000005
            },
            "rotation": {
              "y": 2.3400000000000047,
              "x": -0.06000000000000002
            }
          },
          "Persons / PersonGroup-4": {
            "position": {
              "y": 1.309999999999996,
              "z": -1.6900000000000048,
              "x": 1.6000000000000008
            },
            "rotation": {
              "y": -0.7699999999999998,
              "x": -0.06000000000000008
            }
          },
          "Persons / PersonGroup-5": {
            "rotation": {
              "y": 0.0600000000000002
            },
            "position": {
              "y": 0.6600000000000001,
              "z": -3.219999999999991
            }
          },
          "Persons / PersonGroup-6": {
            "position": {
              "y": 0.9200000000000004,
              "z": -2.339999999999999,
              "x": 1.1400000000000006
            },
            "rotation": {
              "y": -0.31000000000000005
            }
          },